{"info":{"year":"2022","version":"1","description":"Exported from roboflow.ai","contributor":"","url":"https://public.roboflow.ai/object-detection/undefined","date_created":"2022-11-22T17:25:14+00:00"},"licenses":[{"id":1,"url":"https://creativecommons.org/licenses/by/4.0/","name":"CC BY 4.0"}],"categories":[{"id":0,"name":"BASEMENT","supercategory":"none"},{"id":1,"name":"Bedrotation","supercategory":"BASEMENT"},{"id":2,"name":"Cabinetrotation","supercategory":"BASEMENT"},{"id":3,"name":"Generatorrotation","supercategory":"BASEMENT"},{"id":4,"name":"Room Heatersrotation","supercategory":"BASEMENT"},{"id":5,"name":"Sofarotation","supercategory":"BASEMENT"},{"id":6,"name":"Televisionrotation","supercategory":"BASEMENT"},{"id":7,"name":"Treadmillrotation","supercategory":"BASEMENT"},{"id":8,"name":"Vaserotation","supercategory":"BASEMENT"}],"images":[{"id":0,"license":1,"file_name":"31nHNVAzMlL-_AC_SY1000__jpg.rf.03d42991f9627300f88b8534d1647847.jpg","height":640,"width":640,"date_captured":"2022-11-22T17:25:14+00:00"},{"id":1,"license":1,"file_name":"4DMxpAx0_jpeg.rf.08c50665cb63820dc357337aa9915694.jpg","height":640,"width":640,"date_captured":"2022-11-22T17:25:14+00:00"},{"id":2,"license":1,"file_name":"60NP33_AS01_jpg.rf.243651cb2b9299dccc40c541e7699b99.jpg","height":640,"width":640,"date_captured":"2022-11-22T17:25:14+00:00"},{"id":3,"license":1,"file_name":"1-2-1-1440x1864_png.rf.142b057b7a5c83a66e51737ab19b2966.jpg","height":640,"width":640,"date_captured":"2022-11-22T17:25:14+00:00"},{"id":4,"license":1,"file_name":"51EmAWjm-AL-_AC__jpg.rf.04b9c255aa165452df9926c6bcee0692.jpg","height":640,"width":640,"date_captured":"2022-11-22T17:25:14+00:00"},{"id":5,"license":1,"file_name":"3-22-storage-beds-3_jpg.rf.01389f9a512f5a056fc120efb5421c3d.jpg","height":640,"width":640,"date_captured":"2022-11-22T17:25:14+00:00"},{"id":6,"license":1,"file_name":"17-Generator-Sizing_a-edited_jpg.rf.184b29e9b7616b1150e18953e5adda03.jpg","height":640,"width":640,"date_captured":"2022-11-22T17:25:14+00:00"},{"id":7,"license":1,"file_name":"32332_n_BRASILIA_01_jpg.rf.10776ebda15a0edf436b24874bb71c2b.jpg","height":640,"width":640,"date_captured":"2022-11-22T17:25:14+00:00"},{"id":8,"license":1,"file_name":"91nJOFuEmxL-_AC_UF894-1000_QL80__jpg.rf.34de8833031ced48f61d4b16797d3dbf.jpg","height":640,"width":640,"date_captured":"2022-11-22T17:25:14+00:00"},{"id":9,"license":1,"file_name":"7ec134cfc9b83d803a94d8c63b0b6984c9342561f8e7a9c916159cce3a6fd6c2_jpeg.rf.01302ced4836d02eb1a423ba7a6cdde6.jpg","height":640,"width":640,"date_captured":"2022-11-22T17:25:14+00:00"},{"id":10,"license":1,"file_name":"05476425_jpg.rf.35a057412867f793919de2ee1c00a5f6.jpg","height":640,"width":640,"date_captured":"2022-11-22T17:25:14+00:00"},{"id":11,"license":1,"file_name":"123-safeguard_jpg.rf.3735ac6005f10486488c9601bf03e580.jpg","height":640,"width":640,"date_captured":"2022-11-22T17:25:14+00:00"},{"id":12,"license":1,"file_name":"51EXHCYV0eL-_AC_SY580__jpg.rf.285641955344a5e8200f95307e8b3523.jpg","height":640,"width":640,"date_captured":"2022-11-22T17:25:14+00:00"},{"id":13,"license":1,"file_name":"00632082_jpg.rf.1c2a0ac66bae05a0dad826c8e89f6254.jpg","height":640,"width":640,"date_captured":"2022-11-22T17:25:14+00:00"},{"id":14,"license":1,"file_name":"360_F_334487622_71gDCkpm9sPYVbZ7gt6OiMfqHMyWzYWw_jpg.rf.254b3c33480e1ff53f631311dc0530e0.jpg","height":640,"width":640,"date_captured":"2022-11-22T17:25:14+00:00"},{"id":15,"license":1,"file_name":"3-piece-trio-vase-set_jpg.rf.1c4e084f986ed7a97954935f2a57bbea.jpg","height":640,"width":640,"date_captured":"2022-11-22T17:25:14+00:00"},{"id":16,"license":1,"file_name":"6287c039577b8a001827c129_jpg.rf.1b8a4ee105863fb27aa3ea1a8f260793.jpg","height":640,"width":640,"date_captured":"2022-11-22T17:25:14+00:00"},{"id":17,"license":1,"file_name":"10-Best-Heaters-For-Baby-Rooms-in-20211_jpg.rf.3b1f8e9fc31eb0b47b825d85b60cd7cc.jpg","height":640,"width":640,"date_captured":"2022-11-22T17:25:14+00:00"},{"id":18,"license":1,"file_name":"71ZlZLWMO7L-_AC_SL1500__jpg.rf.3b5d2f4ac8bdc4fb8923a364ce25c3ea.jpg","height":640,"width":640,"date_captured":"2022-11-22T17:25:14+00:00"},{"id":19,"license":1,"file_name":"165_space-heaters-main_png.rf.414d3d3424f4a7330c27771905ed622d.jpg","height":640,"width":640,"date_captured":"2022-11-22T17:25:14+00:00"},{"id":20,"license":1,"file_name":"2522_jpg.rf.5a4b76398f183ac39ffc8f744c7f2039.jpg","height":640,"width":640,"date_captured":"2022-11-22T17:25:14+00:00"},{"id":21,"license":1,"file_name":"41fkZV-A4WL-_AC_SY1000__jpg.rf.4991256c6ca23089b992d91101f25f1a.jpg","height":640,"width":640,"date_captured":"2022-11-22T17:25:14+00:00"},{"id":22,"license":1,"file_name":"41Ik-ElZ4KL-_AC__jpg.rf.54cc5afc86b5c1f894ee9aeb1dad93ce.jpg","height":640,"width":640,"date_captured":"2022-11-22T17:25:14+00:00"},{"id":23,"license":1,"file_name":"2008-04-12_Freilichtmuseum_Detmold_-2811-29_jpg.rf.5f8edba20c8a4ea3698f29f8d66ab146.jpg","height":640,"width":640,"date_captured":"2022-11-22T17:25:14+00:00"},{"id":24,"license":1,"file_name":"82822664-F-56b0065b5f9b58b7d01f8ad7_jpg.rf.6f3ba90da0922f263c523fe316830d2b.jpg","height":640,"width":640,"date_captured":"2022-11-22T17:25:14+00:00"},{"id":25,"license":1,"file_name":"31-mDRkcn3L-_AC_SY1000__jpg.rf.743ea3bd3e1373530634b13eb3814a09.jpg","height":640,"width":640,"date_captured":"2022-11-22T17:25:14+00:00"},{"id":26,"license":1,"file_name":"640px-Cptvdisplay_jpg.rf.71bfec394b5b3d292046cc99af8d2350.jpg","height":640,"width":640,"date_captured":"2022-11-22T17:25:14+00:00"},{"id":27,"license":1,"file_name":"1843_20211115_BEDS_002_jpg.rf.65d75f53dabc74101f80e05063ca591e.jpg","height":640,"width":640,"date_captured":"2022-11-22T17:25:14+00:00"},{"id":28,"license":1,"file_name":"41GNIVULtQL-_AC_SY1000__jpg.rf.8d7566ee385b33a58f9004a803ee3ce1.jpg","height":640,"width":640,"date_captured":"2022-11-22T17:25:14+00:00"},{"id":29,"license":1,"file_name":"1200px-Cptvdisplay_jpg.rf.81e822be517b18c2a37cc07579519c45.jpg","height":640,"width":640,"date_captured":"2022-11-22T17:25:14+00:00"},{"id":30,"license":1,"file_name":"11Wirecutter-Heaters1-articleLarge_jpg.rf.77db5921b077b550478bacdba7f37bbe.jpg","height":640,"width":640,"date_captured":"2022-11-22T17:25:14+00:00"},{"id":31,"license":1,"file_name":"2018_HGK_16911_8888_000a_fine_magnificent_and_extremely_rare_doucai_and_famille_rose_anbaxian_jpg.rf.4cecfb3081e7cfddd4737fed14e61029.jpg","height":640,"width":640,"date_captured":"2022-11-22T17:25:14+00:00"},{"id":32,"license":1,"file_name":"2009-05-16_Main_office_lobby_at_Hampton_Forest_Apartments_jpg.rf.942d2decbda0a6cd4e72e604522bf8c2.jpg","height":640,"width":640,"date_captured":"2022-11-22T17:25:14+00:00"},{"id":33,"license":1,"file_name":"2022-Website-Images4_jpg.rf.952cc4280d92afa31eba451dbe322d25.jpg","height":640,"width":640,"date_captured":"2022-11-22T17:25:14+00:00"},{"id":34,"license":1,"file_name":"51Qb12-5ldL-_AC__jpg.rf.6f8b173e9a91b0337f6616138a94a856.jpg","height":640,"width":640,"date_captured":"2022-11-22T17:25:14+00:00"},{"id":35,"license":1,"file_name":"41FzNBGXnfS-_AC_SY1000__jpg.rf.9289478b70a4482b6fa843333e4ae6a7.jpg","height":640,"width":640,"date_captured":"2022-11-22T17:25:14+00:00"},{"id":36,"license":1,"file_name":"1-SA_18-Verde-Treadmills-075-edit_jpg.rf.43feee7cb0be65912621105c0abba100.jpg","height":640,"width":640,"date_captured":"2022-11-22T17:25:14+00:00"},{"id":37,"license":1,"file_name":"9ddf3a0df10e2c571249a049af56f5e078-wrought-iron-frame-2x-rsquare-w600_jpg.rf.814f2267523b967ba49c72ec251834b8.jpg","height":640,"width":640,"date_captured":"2022-11-22T17:25:14+00:00"},{"id":38,"license":1,"file_name":"20702-38-SW-P1-KO_jpg.rf.6aeee547e74b54a224fc9ec969f8818e.jpg","height":640,"width":640,"date_captured":"2022-11-22T17:25:14+00:00"},{"id":39,"license":1,"file_name":"42e28a64ec1a6cd46dcf0b00034aa42c210d2a39_jpg.rf.a9c81e64345599e875e88c758b492173.jpg","height":640,"width":640,"date_captured":"2022-11-22T17:25:14+00:00"},{"id":40,"license":1,"file_name":"01-Generator-parts-402x_png.rf.bcee004536bbc8d2786ac81a34bfd18e.jpg","height":640,"width":640,"date_captured":"2022-11-22T17:25:14+00:00"},{"id":41,"license":1,"file_name":"1400Wx1400H-1812486-0321-px_jpg.rf.9e7c20101ab61a751b00dae19fb3b0d6.jpg","height":640,"width":640,"date_captured":"2022-11-22T17:25:14+00:00"},{"id":42,"license":1,"file_name":"6b8849cc-eecc-4fd0-8548-e95d56f1c720_png.rf.46b4d92735229927e619ff1b3dc4f6b6.jpg","height":640,"width":640,"date_captured":"2022-11-22T17:25:14+00:00"},{"id":43,"license":1,"file_name":"220px-The_David_Vases_jpg.rf.b5596766e541fd3ce1d03c660c5b89b2.jpg","height":640,"width":640,"date_captured":"2022-11-22T17:25:14+00:00"},{"id":44,"license":1,"file_name":"2ff2e964bf2e2bb712852086895fd37cb6-rsquare-w600_jpg.rf.c6210819f423c8dd6b7b6645d5f6124f.jpg","height":640,"width":640,"date_captured":"2022-11-22T17:25:14+00:00"},{"id":45,"license":1,"file_name":"245774_blue_tv_stand_signature_1_jpg.rf.cbf1652d53739cc7253337beafa9ec6d.jpg","height":640,"width":640,"date_captured":"2022-11-22T17:25:14+00:00"},{"id":46,"license":1,"file_name":"3-02-20platform-20beds-20v6_jpg.rf.c81ac06c6c062e858e3421f8946217a8.jpg","height":640,"width":640,"date_captured":"2022-11-22T17:25:14+00:00"},{"id":47,"license":1,"file_name":"2611-K159S_JPG.rf.4160126122813106dd10e7c7d7934f8b.jpg","height":640,"width":640,"date_captured":"2022-11-22T17:25:14+00:00"},{"id":48,"license":1,"file_name":"2611-K153S_JPG.rf.ce368eba47b7630eed85e60a611b9153.jpg","height":640,"width":640,"date_captured":"2022-11-22T17:25:14+00:00"},{"id":49,"license":1,"file_name":"5_-Boston-openfoot-life-style_jpg.rf.f106dccd531af093d693da4a999cf53e.jpg","height":640,"width":640,"date_captured":"2022-11-22T17:25:14+00:00"},{"id":50,"license":1,"file_name":"2ff2e964bf2e2bb712852086895fd37cb6-2x-rsquare-w600_jpg.rf.fab5c0a28e05c0116f024a513c743962.jpg","height":640,"width":640,"date_captured":"2022-11-22T17:25:14+00:00"},{"id":51,"license":1,"file_name":"2ff2e964bf2e2bb712852086895fd37cb6_jpg.rf.f808cb9a9c1923b64a6b7bcdde873de0.jpg","height":640,"width":640,"date_captured":"2022-11-22T17:25:14+00:00"},{"id":52,"license":1,"file_name":"1-1920x1080-ed4af0ca804a380e93e8849bec7427a3_jpg.rf.d53fa7033f724d9601c17688c55a0a1a.jpg","height":640,"width":640,"date_captured":"2022-11-22T17:25:14+00:00"},{"id":53,"license":1,"file_name":"0c9eb4ac-6e16-4653-b16d-ec026e881fd9-6a4d34790a4f973bb48c82799a386319_jpeg.rf.e42ec3e37d79647f5b6dbc484484de6f.jpg","height":640,"width":640,"date_captured":"2022-11-22T17:25:14+00:00"},{"id":54,"license":1,"file_name":"1000_F_158728230_xt8w9K1sNGNeyuFAv5b3pcKp2JXNlc3Z_jpg.rf.eb3bb8262fb915eb033b2e51d215f0a6.jpg","height":640,"width":640,"date_captured":"2022-11-22T17:25:14+00:00"}],"annotations":[{"id":0,"image_id":0,"category_id":7,"bbox":[3,295,630,334.5],"area":210735,"segmentation":[],"iscrowd":0},{"id":1,"image_id":1,"category_id":8,"bbox":[65,3,514.5,626.5],"area":322334.25,"segmentation":[],"iscrowd":0},{"id":2,"image_id":2,"category_id":3,"bbox":[0,11,639,619],"area":395541,"segmentation":[],"iscrowd":0},{"id":3,"image_id":3,"category_id":2,"bbox":[1,6,639,600.5],"area":383719.5,"segmentation":[],"iscrowd":0},{"id":4,"image_id":4,"category_id":4,"bbox":[0,1,507,637.5],"area":323212.5,"segmentation":[],"iscrowd":0},{"id":5,"image_id":5,"category_id":1,"bbox":[31,5,577.5,592],"area":341880,"segmentation":[],"iscrowd":0},{"id":6,"image_id":6,"category_id":3,"bbox":[3,49,637,550.5],"area":350668.5,"segmentation":[],"iscrowd":0},{"id":7,"image_id":7,"category_id":5,"bbox":[33,192,568.5,379],"area":215461.5,"segmentation":[],"iscrowd":0},{"id":8,"image_id":8,"category_id":2,"bbox":[193,15,290,594],"area":172260,"segmentation":[],"iscrowd":0},{"id":9,"image_id":9,"category_id":3,"bbox":[61,89,539,454.5],"area":244975.5,"segmentation":[],"iscrowd":0},{"id":10,"image_id":10,"category_id":2,"bbox":[0,9,635,605],"area":384175,"segmentation":[],"iscrowd":0},{"id":11,"image_id":11,"category_id":3,"bbox":[110,98,431,487.5],"area":210112.5,"segmentation":[],"iscrowd":0},{"id":12,"image_id":12,"category_id":3,"bbox":[4,6,633.5,613],"area":388335.5,"segmentation":[],"iscrowd":0},{"id":13,"image_id":13,"category_id":2,"bbox":[0,6,638,625],"area":398750,"segmentation":[],"iscrowd":0},{"id":14,"image_id":14,"category_id":6,"bbox":[0,179,633,451.5],"area":285799.5,"segmentation":[],"iscrowd":0},{"id":15,"image_id":15,"category_id":8,"bbox":[75,81,487,476.5],"area":232055.5,"segmentation":[],"iscrowd":0},{"id":16,"image_id":16,"category_id":5,"bbox":[61,280,536.5,351.5],"area":188579.75,"segmentation":[],"iscrowd":0},{"id":17,"image_id":17,"category_id":4,"bbox":[0,0,637,635],"area":404495,"segmentation":[],"iscrowd":0},{"id":18,"image_id":18,"category_id":6,"bbox":[0,2,634,621],"area":393714,"segmentation":[],"iscrowd":0},{"id":19,"image_id":19,"category_id":4,"bbox":[64,5,220.5,606.5],"area":133733.25,"segmentation":[],"iscrowd":0},{"id":20,"image_id":20,"category_id":8,"bbox":[185,25,259,565],"area":146335,"segmentation":[],"iscrowd":0},{"id":21,"image_id":21,"category_id":7,"bbox":[3,12,636,621],"area":394956,"segmentation":[],"iscrowd":0},{"id":22,"image_id":22,"category_id":8,"bbox":[1,15,638,605.5],"area":386309,"segmentation":[],"iscrowd":0},{"id":23,"image_id":23,"category_id":1,"bbox":[215,167,368.5,389],"area":143346.5,"segmentation":[],"iscrowd":0},{"id":24,"image_id":24,"category_id":6,"bbox":[177,32,298,390],"area":116220,"segmentation":[],"iscrowd":0},{"id":25,"image_id":25,"category_id":7,"bbox":[4,0,621.5,630.5],"area":391855.75,"segmentation":[],"iscrowd":0},{"id":26,"image_id":26,"category_id":6,"bbox":[0,73,638,537.5],"area":342925,"segmentation":[],"iscrowd":0},{"id":27,"image_id":27,"category_id":1,"bbox":[0,34,639.5,526.5],"area":336696.75,"segmentation":[],"iscrowd":0},{"id":28,"image_id":28,"category_id":7,"bbox":[2,4,636,619],"area":393684,"segmentation":[],"iscrowd":0},{"id":29,"image_id":29,"category_id":6,"bbox":[7,162,633,459.5],"area":290863.5,"segmentation":[],"iscrowd":0},{"id":30,"image_id":30,"category_id":4,"bbox":[0,246,638,382.5],"area":244035,"segmentation":[],"iscrowd":0},{"id":31,"image_id":31,"category_id":8,"bbox":[80,36,493,575.5],"area":283721.5,"segmentation":[],"iscrowd":0},{"id":32,"image_id":32,"category_id":5,"bbox":[225,253,315,345],"area":108675,"segmentation":[],"iscrowd":0},{"id":33,"image_id":33,"category_id":2,"bbox":[3,37,636,566],"area":359976,"segmentation":[],"iscrowd":0},{"id":34,"image_id":34,"category_id":3,"bbox":[0,5,638.5,626],"area":399701,"segmentation":[],"iscrowd":0},{"id":35,"image_id":35,"category_id":7,"bbox":[0,132,638,503],"area":320914,"segmentation":[],"iscrowd":0},{"id":36,"image_id":36,"category_id":7,"bbox":[122,8,445,622.5],"area":277012.5,"segmentation":[],"iscrowd":0},{"id":37,"image_id":37,"category_id":1,"bbox":[0,76,639,542],"area":346338,"segmentation":[],"iscrowd":0},{"id":38,"image_id":38,"category_id":5,"bbox":[23,75,599,499.5],"area":299200.5,"segmentation":[],"iscrowd":0},{"id":39,"image_id":39,"category_id":4,"bbox":[101,16,464,607.5],"area":281880,"segmentation":[],"iscrowd":0},{"id":40,"image_id":40,"category_id":3,"bbox":[25,22,592.5,381.5],"area":226038.75,"segmentation":[],"iscrowd":0},{"id":41,"image_id":41,"category_id":8,"bbox":[94,7,460.5,630.5],"area":290345.25,"segmentation":[],"iscrowd":0},{"id":42,"image_id":42,"category_id":3,"bbox":[20,11,619,616],"area":381304,"segmentation":[],"iscrowd":0},{"id":43,"image_id":43,"category_id":8,"bbox":[5,6,632,623.5],"area":394052,"segmentation":[],"iscrowd":0},{"id":44,"image_id":44,"category_id":5,"bbox":[0,156,639,326.5],"area":208633.5,"segmentation":[],"iscrowd":0},{"id":45,"image_id":45,"category_id":2,"bbox":[27,26,591.5,581.5],"area":343957.25,"segmentation":[],"iscrowd":0},{"id":46,"image_id":46,"category_id":1,"bbox":[341,289,298.5,307.5],"area":91788.75,"segmentation":[],"iscrowd":0},{"id":47,"image_id":46,"category_id":1,"bbox":[248,36,252,377.5],"area":95130,"segmentation":[],"iscrowd":0},{"id":48,"image_id":46,"category_id":1,"bbox":[53,65,204,250.5],"area":51102,"segmentation":[],"iscrowd":0},{"id":49,"image_id":47,"category_id":1,"bbox":[24,32,595.5,531.5],"area":316508.25,"segmentation":[],"iscrowd":0},{"id":50,"image_id":48,"category_id":1,"bbox":[25,59,587,491],"area":288217,"segmentation":[],"iscrowd":0},{"id":51,"image_id":49,"category_id":1,"bbox":[0,0,639,638],"area":407682,"segmentation":[],"iscrowd":0},{"id":52,"image_id":50,"category_id":5,"bbox":[4,142,635.5,362.5],"area":230368.75,"segmentation":[],"iscrowd":0},{"id":53,"image_id":51,"category_id":5,"bbox":[123,154,404.5,340],"area":137530,"segmentation":[],"iscrowd":0},{"id":54,"image_id":52,"category_id":5,"bbox":[34,99,527.5,506.5],"area":267178.75,"segmentation":[],"iscrowd":0},{"id":55,"image_id":53,"category_id":7,"bbox":[0,55,637,560.5],"area":357038.5,"segmentation":[],"iscrowd":0},{"id":56,"image_id":54,"category_id":6,"bbox":[25,29,588,587],"area":345156,"segmentation":[],"iscrowd":0}]}